ts_code,trade_date,pre_close,pre_settle,open,high,low,close,settle,change1,change2,vol,amount,oi,oi_chg,MA5,MA20,RSI,MACD,BB_Upper,BB_Lower,signal
AO2507.SHF,20250715,3195.0,3195.0,3290.0,3290.0,3290.0,3290.0,3290.0,95.0,95.0,15.0,98.7,1245.0,0.0,,,,,,,hold
AO2507.SHF,20250714,3190.0,3195.0,,,,3195.0,3195.0,0.0,0.0,0.0,0.0,1245.0,0.0,,,,,,,hold
AO2507.SHF,20250711,3256.0,3249.0,3200.0,3200.0,3190.0,3190.0,3195.0,-59.0,-54.0,30.0,191.7,1245.0,-15.0,,,,,,,hold
AO2507.SHF,20250710,3271.0,3304.0,3242.0,3256.0,3242.0,3256.0,3249.0,-48.0,-55.0,30.0,194.94,1260.0,-15.0,,,,,,,hold
AO2507.SHF,20250709,3352.0,3340.0,3354.0,3354.0,3271.0,3271.0,3304.0,-69.0,-36.0,135.0,892.26,1275.0,-105.0,3240.4,,,,,,hold
AO2507.SHF,20250708,3264.0,3187.0,3241.0,3401.0,3224.0,3352.0,3340.0,165.0,153.0,765.0,5110.59,1380.0,-345.0,3252.8,,,,,,hold
AO2507.SHF,20250707,3150.0,3160.0,3134.0,3264.0,3134.0,3264.0,3187.0,104.0,27.0,585.0,3728.88,1725.0,-165.0,3266.6,,,,,,hold
AO2507.SHF,20250704,3150.0,3152.0,3151.0,3182.0,3149.0,3150.0,3160.0,-2.0,8.0,315.0,1991.07,1890.0,-135.0,3258.6,,,,,,hold
AO2507.SHF,20250703,3169.0,3084.0,3155.0,3174.0,3133.0,3150.0,3152.0,66.0,68.0,360.0,2269.8,2025.0,-135.0,3237.4,,,,,,hold
AO2507.SHF,20250702,3065.0,3071.0,3065.0,3169.0,3050.0,3169.0,3084.0,98.0,13.0,675.0,4163.97,2160.0,-450.0,3217.0,,,,,,hold
AO2507.SHF,20250701,3106.0,3106.0,3100.0,3100.0,3047.0,3065.0,3071.0,-41.0,-35.0,915.0,5620.47,2610.0,-315.0,3159.6,,,,,,hold
AO2507.SHF,20250630,3086.0,3075.0,3106.0,3120.0,3083.0,3106.0,3106.0,31.0,31.0,3624.0,22513.86,2925.0,-2103.0,3128.0,,,,,,hold
AO2507.SHF,20250627,3034.0,3028.0,3030.0,3097.0,3030.0,3086.0,3075.0,58.0,47.0,4055.0,24941.884,5028.0,-1364.0,3115.2,,,,,,hold
AO2507.SHF,20250626,3019.0,3001.0,3027.0,3043.0,3014.0,3034.0,3028.0,33.0,27.0,5775.0,34984.39,6392.0,-2449.0,3092.0,,,,,,hold
AO2507.SHF,20250625,2998.0,3002.0,2997.0,3021.0,2987.0,3019.0,3001.0,17.0,-1.0,6864.0,41202.49,8841.0,-3272.0,3062.0,,,,,,hold
AO2507.SHF,20250624,3000.0,3003.0,3009.0,3017.0,2986.0,2998.0,3002.0,-5.0,-1.0,16041.0,96319.03,12113.0,-35.0,3048.6,,,,,,hold
AO2507.SHF,20250623,2995.0,2998.0,3001.0,3038.0,2980.0,3000.0,3003.0,2.0,5.0,13128.0,78847.94,12148.0,-1371.0,3027.4,,,,,,hold
AO2507.SHF,20250620,3001.0,3000.0,3005.0,3030.0,2973.0,2995.0,2998.0,-5.0,-2.0,15115.0,90634.49,13519.0,-878.0,3009.2,,,,,,hold
AO2507.SHF,20250619,3013.0,2977.0,3010.0,3026.0,2978.0,3001.0,3000.0,24.0,23.0,16364.0,98192.09,14397.0,650.0,3002.6,,,,,,hold
AO2507.SHF,20250618,2912.0,2909.0,2915.0,3029.0,2908.0,3013.0,2977.0,104.0,68.0,31570.0,188005.93,13747.0,-2264.0,3001.4,3130.2,30.968453708567367,,3353.7599248523757,2906.640075147624,hold
AO2507.SHF,20250617,2909.0,2906.0,2910.0,2926.0,2895.0,2912.0,2909.0,6.0,3.0,8314.0,48374.38,16011.0,-1169.0,2984.2,3111.3,24.841494339456162,,3341.4417823864237,2881.1582176135767,hold
AO2507.SHF,20250616,2908.0,2922.0,2910.0,2924.0,2887.0,2909.0,2906.0,-13.0,-16.0,11552.0,67151.31,17180.0,-753.0,2966.0,3097.0,24.688772462801467,,3339.757492160386,2854.242507839614,hold
AO2507.SHF,20250613,2938.0,2939.0,2940.0,2979.0,2881.0,2908.0,2922.0,-31.0,-17.0,32940.0,192558.47,17933.0,-1234.0,2948.6,3082.9,24.635629918142087,,3334.9919673452528,2830.8080326547474,hold
AO2507.SHF,20250612,2936.0,2937.0,2940.0,2957.0,2920.0,2938.0,2939.0,1.0,2.0,12541.0,73717.9,19167.0,-981.0,2936.0,3067.0,29.432368388791247,,3313.4662248666127,2820.5337751333873,hold
AO2507.SHF,20250611,2938.0,2947.0,2944.0,2961.0,2914.0,2936.0,2937.0,-11.0,-10.0,14112.0,82912.04,20148.0,-49.0,2920.6,3050.25,29.301493939879705,,3284.1994603541534,2816.3005396458466,hold
AO2507.SHF,20250610,2946.0,2935.0,2974.0,2974.0,2931.0,2938.0,2947.0,3.0,12.0,17699.0,104341.01,20197.0,-1572.0,2925.8,3029.55,29.630867132462782,,3222.7540113455198,2836.3459886544806,hold
AO2507.SHF,20250609,2940.0,2970.0,2940.0,2980.0,2900.0,2946.0,2935.0,-24.0,-35.0,37540.0,220383.7,21769.0,-1015.0,2933.2,3013.65,30.98468387381942,,3177.1104233446117,2850.1895766553885,hold
AO2507.SHF,20250606,2972.0,3019.0,2982.0,3013.0,2918.0,2940.0,2970.0,-79.0,-49.0,48262.0,286760.87,22784.0,-1650.0,2939.6,3003.15,30.52111345802696,,3156.919015084313,2849.3809849156873,hold
AO2507.SHF,20250605,3085.0,3071.0,3099.0,3099.0,2960.0,2972.0,3019.0,-99.0,-52.0,54340.0,328140.59,24434.0,-83.0,2946.4,2994.25,35.90468000152953,,3132.847077891273,2855.652922108727,hold
AO2507.SHF,20250604,3056.0,3060.0,3056.0,3106.0,3032.0,3085.0,3071.0,25.0,11.0,48986.0,300917.18,24517.0,1285.0,2976.2,2990.05,50.23731140198174,,3111.203580219487,2868.8964197805135,hold
AO2507.SHF,20250603,3019.0,3010.0,3166.0,3166.0,3026.0,3056.0,3060.0,46.0,50.0,35935.0,219927.31,23232.0,-1755.0,2999.8,2989.6,47.37544806178942,,3109.698959196154,2869.5010408038456,buy
AO2507.SHF,20250530,3003.0,3004.0,3016.0,3035.0,2983.0,3019.0,3010.0,15.0,6.0,49161.0,295964.22,24987.0,-4248.0,3014.4,2985.25,44.008480031943165,,3093.929114828929,2876.570885171071,hold
AO2507.SHF,20250529,3063.0,3087.0,3055.0,3059.0,2973.0,3003.0,3004.0,-84.0,-83.0,92997.0,558765.29,29235.0,4404.0,3027.0,2981.1,42.629399798840275,,3079.9694088178926,2882.230591182107,hold
AO2507.SHF,20250528,3089.0,3085.0,3095.0,3132.0,3030.0,3063.0,3087.0,-22.0,2.0,79664.0,491896.32,24831.0,-1358.0,3045.2,2982.55,48.94479912142805,-49.509360996720766,3085.2563289189115,2879.843671081089,hold
AO2507.SHF,20250527,3129.0,3157.0,3136.0,3138.0,3042.0,3089.0,3085.0,-68.0,-72.0,77198.0,476329.35,26189.0,-1720.0,3046.0,2986.05,51.38582741622729,-43.414321752468325,3097.85424857759,2874.24575142241,hold
AO2507.SHF,20250526,3218.0,3216.0,3190.0,3218.0,3097.0,3129.0,3157.0,-87.0,-59.0,92159.0,581916.03,27909.0,-4827.0,3060.6,2992.6,54.879407150146996,-36.54761909041205,3120.6115619778134,2864.5884380221864,hold
AO2507.SHF,20250523,3237.0,3239.0,3225.0,3267.0,3173.0,3218.0,3216.0,-21.0,-23.0,91346.0,587688.04,32736.0,-3586.0,3100.4,3003.5,61.379660175178564,-28.05397421124083,3164.9366748914244,2842.0633251085756,hold
AO2507.SHF,20250522,3241.0,3177.0,3240.0,3268.0,3210.0,3237.0,3239.0,60.0,62.0,64925.0,420651.5,36322.0,426.0,3147.2,3015.6,62.5907448670875,-18.618769784042403,3206.299134764685,2824.900865235315,hold
AO2507.SHF,20250521,3136.0,3153.0,3160.0,3265.0,3080.0,3241.0,3177.0,88.0,24.0,117831.0,748700.82,35896.0,-3854.0,3182.8,3027.6,62.848918962765346,-8.98176947384459,3241.862829254165,2813.337170745835,hold
AO2507.SHF,20250520,3157.0,3156.0,3171.0,3226.0,3106.0,3136.0,3153.0,-20.0,-3.0,113092.0,713195.62,39750.0,-3104.0,3192.2,3033.75,52.783390342387236,-1.3782173000248097,3252.9867441830847,2814.5132558169153,hold
AO2507.SHF,20250519,2941.0,3002.0,2985.0,3212.0,2972.0,3157.0,3156.0,155.0,154.0,308153.0,1945180.2,42854.0,340.0,3197.8,3046.0,54.323453141188885,4.89040217817823,3264.032107727278,2827.967892272722,hold
AO2507.SHF,20250516,3047.0,3030.0,3050.0,3081.0,2920.0,2941.0,3002.0,-89.0,-28.0,95837.0,575527.07,42514.0,826.0,3142.4,3047.6,40.14603518879693,6.536400251318204,3262.0270505323415,2833.1729494676583,hold
AO2507.SHF,20250515,2970.0,2918.0,2970.0,3081.0,2966.0,3047.0,3030.0,129.0,112.0,85601.0,518875.15,41688.0,-1344.0,3104.4,3054.55,47.25663326763932,6.8750131567638775,3259.216045058772,2849.8839549412282,hold
AO2507.SHF,20250514,2881.0,2865.0,2880.0,2972.0,2850.0,2970.0,2918.0,105.0,53.0,63146.0,368572.86,43032.0,-1807.0,3050.2,3056.15,43.321346306253325,5.132272145177189,3257.621859077141,2854.6781409228593,sell
AO2507.SHF,20250513,2855.0,2831.0,2860.0,2886.0,2841.0,2881.0,2865.0,50.0,34.0,29242.0,167566.97,44839.0,-970.0,2999.2,3053.4,39.335888052377776,0.744695678177191,3262.7059005379433,2844.094099462057,hold
AO2507.SHF,20250512,2832.0,2830.0,2830.0,2875.0,2794.0,2855.0,2831.0,25.0,1.0,50973.0,288653.01,45809.0,-2375.0,2938.8,3049.25,38.25368359822893,-5.48712053167375,3270.4945479554226,2828.0054520445774,hold
AO2507.SHF,20250509,2789.0,2743.0,2800.0,2868.0,2781.0,2832.0,2830.0,89.0,87.0,54359.0,307765.7,48184.0,-5865.0,2917.0,3043.55,37.29816594004082,-12.902633689503611,3280.460510530874,2806.639489469126,hold
AO2507.SHF,20250508,2686.0,2687.0,2684.0,2793.0,2676.0,2789.0,2743.0,102.0,56.0,68734.0,377105.44,54049.0,-5327.0,2865.4,3036.0,35.55061598085665,-21.32796388294524,3294.288985440726,2777.711014559274,hold
AO2507.SHF,20250507,2663.0,2686.0,2665.0,2713.0,2665.0,2686.0,2687.0,0.0,1.0,40596.0,218186.58,59376.0,725.0,2808.6,3021.7,31.794497733116046,-31.539252199375177,3320.9925658949774,2722.4074341050223,hold
AO2507.SHF,20250506,2720.0,2721.0,2721.0,2735.0,2655.0,2663.0,2686.0,-58.0,-35.0,36335.0,195219.53,58651.0,755.0,2765.0,3000.6,31.02402500017864,-42.62971909208885,3336.3483581493724,2664.8516418506274,hold
AO2507.SHF,20250430,2737.0,2782.0,2740.0,2743.0,2702.0,2720.0,2721.0,-62.0,-61.0,51149.0,278412.73,57896.0,-5466.0,2738.0,2983.8,35.12516846937582,-52.683294020935946,3339.793595448007,2627.806404551993,hold
AO2507.SHF,20250429,2826.0,2814.0,2823.0,2825.0,2728.0,2737.0,2782.0,-77.0,-32.0,53458.0,297532.43,63362.0,-8590.0,2719.0,2969.7,36.31394956750954,-61.168639189218375,3341.0090895736316,2598.390910426368,hold
AO2507.SHF,20250428,2813.0,2824.0,2810.0,2835.0,2800.0,2826.0,2814.0,2.0,-10.0,42784.0,240870.71,71952.0,-21075.0,2726.4,2960.85,42.15521985954121,-66.66687378834982,3336.9687445475156,2584.731255452484,hold
AO2507.SHF,20250425,2841.0,2820.0,2850.0,2850.0,2800.0,2813.0,2824.0,-7.0,4.0,32530.0,183754.42,93027.0,-2352.0,2751.8,2948.35,41.56899763513597,-70.06007892631908,3326.6690584678486,2570.0309415321512,hold
AO2507.SHF,20250424,2820.0,2808.0,2812.0,2849.0,2781.0,2841.0,2820.0,33.0,12.0,58113.0,327764.42,95379.0,-4488.0,2787.4,2935.95,43.354926429017624,-71.34961022059788,3311.2613241030695,2560.63867589693,hold
AO2507.SHF,20250423,2785.0,2785.0,2782.0,2826.0,2782.0,2820.0,2808.0,35.0,23.0,38749.0,217682.81,99867.0,-849.0,2807.4,2920.5,42.33341836496491,-71.42542268409858,3288.1125677938658,2552.8874322061342,hold
AO2507.SHF,20250422,2808.0,2788.0,2805.0,2813.0,2762.0,2785.0,2785.0,-3.0,-3.0,25535.0,142260.88,100716.0,1935.0,2817.0,2898.85,40.65298635975287,-71.13213705572785,3244.1540833815893,2553.5459166184105,hold
AO2507.SHF,20250421,2780.0,2800.0,2783.0,2820.0,2758.0,2808.0,2788.0,8.0,-12.0,33685.0,187873.35,98781.0,2475.0,2813.4,2877.4,42.23900560740387,-70.09380631540762,3187.522814381657,2567.277185618343,hold
AO2507.SHF,20250418,2833.0,2833.0,2820.0,2842.0,2772.0,2780.0,2800.0,-53.0,-33.0,49361.0,276492.39,96306.0,-2373.0,2806.8,2854.35,40.84036607359903,-68.9298924296193,3117.9923903699855,2590.7076096300143,hold
AO2507.SHF,20250417,2819.0,2825.0,2839.0,2859.0,2800.0,2833.0,2833.0,8.0,8.0,32548.0,184429.51,98679.0,-1300.0,2805.2,2839.2,44.501911072342814,-66.74559053685611,3069.0152301306416,2609.384769869358,hold
AO2507.SHF,20250416,2797.0,2806.0,2797.0,2845.0,2796.0,2819.0,2825.0,13.0,19.0,38132.0,215458.96,99979.0,-1247.0,2805.0,2822.3,43.749013795955,-64.10746904541169,2999.9368205074616,2644.663179492539,hold
AO2507.SHF,20250415,2840.0,2845.0,2835.0,2842.0,2779.0,2797.0,2806.0,-48.0,-39.0,40030.0,224664.81,101226.0,1823.0,2807.4,2815.1,42.558019947924834,-61.52808017076597,2984.3854394211153,2645.8145605788845,hold
AO2507.SHF,20250414,2812.0,2798.0,2848.0,2882.0,2812.0,2840.0,2845.0,42.0,47.0,50200.0,285692.76,99403.0,4951.0,2813.8,2804.75,45.60468636447614,-58.29444476293675,2937.40575750792,2672.09424249208,buy
AO2507.SHF,20250411,2797.0,2812.0,2790.0,2834.0,2756.0,2812.0,2798.0,0.0,-14.0,46673.0,261234.19,94452.0,-1521.0,2820.2,2796.85,44.004898146065095,-55.13411162973231,2905.9229572350546,2687.7770427649452,hold
AO2507.SHF,20250410,2804.0,2763.0,2800.0,2859.0,2780.0,2797.0,2812.0,34.0,49.0,67781.0,381293.09,95973.0,6104.0,2813.0,2792.65,43.151294094366584,-52.299047273635125,2894.6799465843246,2690.6200534156756,hold
AO2507.SHF,20250409,2751.0,2777.0,2756.0,2818.0,2678.0,2804.0,2763.0,27.0,-14.0,65595.0,362516.05,89869.0,-5947.0,2810.0,2790.1,43.68788151770397,-49.58559282436675,2888.244587217024,2691.9554127829756,hold
AO2507.SHF,20250408,2777.0,2783.0,2781.0,2825.0,2730.0,2751.0,2777.0,-32.0,-6.0,42087.0,233764.96,95816.0,3394.0,2800.8,2786.05,40.6313074239264,-47.8231733241279,2883.627610136753,2688.4723898632474,hold
AO2507.SHF,20250407,2853.0,2878.0,2760.0,2820.0,2703.0,2777.0,2783.0,-101.0,-95.0,46639.0,259640.32,92422.0,-8396.0,2788.2,2785.45,42.70140946849975,-46.225419547340906,2883.095225177681,2687.8047748223184,hold
AO2507.SHF,20250403,2902.0,2926.0,2901.0,2903.0,2853.0,2853.0,2878.0,-73.0,-48.0,32998.0,189982.76,100818.0,1619.0,2796.4,2793.8,48.25321541095473,-43.496739254925494,2884.2999447513653,2703.300055248635,hold
AO2507.SHF,20250402,2964.0,2959.0,2960.0,2993.0,2886.0,2902.0,2926.0,-57.0,-33.0,43063.0,252068.03,99199.0,13657.0,2817.4,2805.75,51.44603184355917,-39.32135381304633,2886.6125376796954,2724.8874623203046,hold
AO2507.SHF,20250401,2950.0,2978.0,2942.0,2982.0,2938.0,2964.0,2959.0,-14.0,-19.0,30500.0,180549.94,85542.0,4431.0,2849.4,2817.95,55.13315870646152,-33.379287106774406,2915.322429362732,2720.577570637268,hold
AO2507.SHF,20250331,3033.0,3040.0,3040.0,3040.0,2940.0,2950.0,2978.0,-90.0,-62.0,29984.0,178593.17,81111.0,5587.0,2889.2,2828.6,54.155651700391644,-26.78867544193716,2934.4515942251237,2722.748405774876,hold
AO2507.SHF,20250328,3058.0,3078.0,3052.0,3060.0,3022.0,3033.0,3040.0,-45.0,-38.0,18128.0,110242.84,75524.0,5569.0,2940.4,2838.95,58.72278647077024,-18.751785781074457,2977.2633760704302,2700.6366239295694,hold
AO2507.SHF,20250327,3105.0,3098.0,3107.0,3111.0,3054.0,3058.0,3078.0,-40.0,-20.0,21881.0,134728.48,69955.0,4613.0,2981.4,2851.2,59.986653007356054,-9.78810461596515,3018.5088162650145,2683.891183734985,hold
AO2507.SHF,20250326,3065.0,3079.0,3060.0,3118.0,3060.0,3105.0,3098.0,26.0,19.0,20332.0,126005.31,65342.0,1709.0,3022.0,2864.4,62.272678455402,0.05874715082227677,3064.793013850285,2664.006986149715,hold
AO2507.SHF,20250325,3080.0,3071.0,3080.0,3115.0,3045.0,3065.0,3079.0,-6.0,8.0,29776.0,183370.06,63633.0,6606.0,3042.2,2876.65,59.2406416933489,9.304654365300978,3093.9307170459465,2659.3692829540537,hold
AO2507.SHF,20250324,3037.0,3036.0,3037.0,3099.0,3029.0,3080.0,3071.0,44.0,35.0,20881.0,128278.69,57027.0,737.0,3068.2,2891.4,60.00924835829989,17.907324492182592,3121.4672945031534,2661.3327054968468,hold
AO2507.SHF,20250321,3014.0,3017.0,3014.0,3059.0,3002.0,3037.0,3036.0,20.0,19.0,21970.0,133402.03,56290.0,560.0,3069.0,2902.85,56.77842129445522,24.929005590005154,3137.914480515455,2667.7855194845447,hold
AO2507.SHF,20250320,3043.0,3045.0,3048.0,3049.0,2988.0,3014.0,3017.0,-31.0,-28.0,21133.0,127537.08,55730.0,801.0,3060.2,2914.55,55.10792558858176,30.16789545402458,3147.2734195348653,2681.826580465135,hold
AO2507.SHF,20250319,3086.0,3109.0,3084.0,3088.0,3023.0,3043.0,3045.0,-66.0,-64.0,17311.0,105454.37,54929.0,2572.0,3047.8,2925.05,56.795031324039556,34.40865437417543,3161.035147837742,2689.0648521622584,hold
AO2507.SHF,20250318,3117.0,3135.0,3112.0,3129.0,3082.0,3086.0,3109.0,-49.0,-26.0,12261.0,76239.23,52357.0,4626.0,3052.0,2938.4,59.18888676886223,38.40911216816905,3179.0403124997993,2697.759687500201,hold
AO2507.SHF,20250317,3169.0,3150.0,3159.0,3171.0,3110.0,3117.0,3135.0,-33.0,-15.0,12156.0,76222.25,47731.0,3779.0,3059.4,2954.4,60.83562679000121,42.45628802228059,3197.843135043897,2710.9568649561033,hold
AO2507.SHF,20250314,3163.0,3173.0,3160.0,3171.0,3133.0,3169.0,3150.0,-4.0,-23.0,14412.0,90806.34,43952.0,3487.0,3085.8,2970.85,63.44037851391396,47.05344936668402,3225.3599408667587,2716.340059133241,hold
AO2507.SHF,20250313,3191.0,3210.0,3191.0,3201.0,3153.0,3163.0,3173.0,-47.0,-37.0,13124.0,83294.94,40465.0,4597.0,3115.6,2988.4,62.93201880899566,51.55136934252294,3245.0728657260074,2731.7271342739928,hold
AO2507.SHF,20250312,3221.0,3224.0,3223.0,3253.0,3180.0,3191.0,3210.0,-33.0,-14.0,15628.0,100342.45,35868.0,6321.0,3145.2,3008.1,64.33586716519875,56.08052600179876,3263.4647587275913,2752.7352412724085,hold
AO2507.SHF,20250311,3227.0,3258.0,3221.0,3248.0,3203.0,3221.0,3224.0,-37.0,-34.0,11796.0,76065.29,29547.0,4096.0,3172.2,3028.95,65.79679152097836,60.742648948892146,3282.3394038826427,2775.560596117357,hold
AO2507.SHF,20250310,3315.0,3322.0,3312.0,3319.0,3209.0,3227.0,3258.0,-95.0,-64.0,11245.0,73287.91,25451.0,4831.0,3194.2,3052.75,66.08923372923333,65.20099811232251,3285.8464392692454,2819.6535607307546,hold
AO2507.SHF,20250307,3332.0,3329.0,3332.0,3340.0,3305.0,3315.0,3322.0,-14.0,-7.0,6439.0,42791.76,20620.0,2662.0,3223.4,3079.65,70.04354973994846,70.55329412617203,3303.227525704175,2856.072474295825,hold
AO2507.SHF,20250306,3325.0,3341.0,3335.0,3353.0,3305.0,3332.0,3329.0,-9.0,-12.0,7585.0,50501.35,17958.0,3337.0,3257.2,3103.6,70.7374367838665,76.29574234838752,3327.552137743762,2879.6478622562377,hold
AO2507.SHF,20250305,3369.0,3377.0,3371.0,3372.0,3315.0,3325.0,3341.0,-52.0,-36.0,6288.0,42018.16,14621.0,3722.0,3284.0,3124.75,70.03430814888699,81.6961274500134,3348.4470048972516,2901.0529951027484,hold
AO2507.SHF,20250304,3377.0,3392.0,3384.0,3411.0,3345.0,3369.0,3377.0,-23.0,-15.0,5703.0,38529.16,10899.0,3178.0,3313.6,3145.0,71.8834831573457,87.11480920588524,3379.8693253705155,2910.1306746294845,hold
AO2507.SHF,20250303,3388.0,3390.0,3391.0,3420.0,3369.0,3377.0,3392.0,-13.0,2.0,4685.0,31789.76,7721.0,2845.0,3343.6,3166.35,72.21167649271737,92.18998575452446,3404.047517866723,2928.652482133277,hold
AO2507.SHF,20250228,3406.0,3395.0,3411.0,3417.0,3375.0,3388.0,3390.0,-7.0,-5.0,1969.0,13351.03,4876.0,1305.0,3358.2,3184.1,72.6733487175038,96.74918970290805,3432.110403007618,2936.0895969923818,hold
AO2507.SHF,20250227,3368.0,3380.0,3372.0,3419.0,3355.0,3406.0,3395.0,26.0,15.0,2373.0,16115.17,3571.0,1352.0,3373.0,3201.5,73.43360538053243,100.81265953029794,3460.277510614816,2942.722489385184,hold
AO2507.SHF,20250226,3406.0,3416.0,3408.0,3439.0,3360.0,3368.0,3380.0,-48.0,-36.0,1960.0,13249.81,2219.0,1140.0,3381.6,3214.65,69.15794328539084,103.51635876205579,3479.1421737972623,2950.157826202738,hold
AO2507.SHF,20250225,3418.0,3411.0,3423.0,3431.0,3394.0,3406.0,3416.0,-5.0,5.0,175.0,1195.9,1079.0,-22.0,3389.0,3231.7,70.93906849227794,105.59638083166818,3499.351340366532,2964.0486596334677,hold
AO2507.SHF,20250224,3450.0,3456.0,3426.0,3442.0,3379.0,3418.0,3411.0,-38.0,-45.0,494.0,3370.48,1101.0,115.0,3397.2,3248.6,71.4864330982385,107.12723342430564,3518.4773054556485,2978.7226945443513,hold
AO2507.SHF,20250221,3474.0,3455.0,3473.0,3486.0,3430.0,3450.0,3456.0,-5.0,1.0,216.0,1493.04,986.0,0.0,3409.6,3269.25,72.91825484545078,108.5000040813919,3534.3642206672466,3004.1357793327534,hold
AO2507.SHF,20250220,3425.0,3430.0,3422.0,3525.0,3422.0,3474.0,3455.0,44.0,25.0,500.0,3455.1,986.0,24.0,3423.2,3292.25,73.95093813830022,109.83734166390047,3544.288786697607,3040.211213302393,hold
AO2507.SHF,20250219,3441.0,3435.0,3447.0,3447.0,3416.0,3425.0,3430.0,-10.0,-5.0,136.0,932.98,962.0,18.0,3434.6,3311.35,68.34964859349205,110.05025713456754,3541.9225699210597,3080.77743007894,hold
AO2507.SHF,20250218,3423.0,3402.0,3422.0,3478.0,3402.0,3441.0,3435.0,39.0,33.0,311.0,2136.76,944.0,-4.0,3441.6,3329.1,69.15273323754535,109.55168908679286,3541.4882294290387,3116.711770570961,hold
AO2507.SHF,20250217,3352.0,3359.0,3305.0,3436.0,3305.0,3423.0,3402.0,64.0,43.0,406.0,2762.91,948.0,-18.0,3442.6,3344.4,67.1354647588101,108.09644276765758,3536.594068586942,3152.2059314130584,hold
AO2507.SHF,20250214,3381.0,3395.0,3375.0,3397.0,3334.0,3352.0,3359.0,-43.0,-36.0,342.0,2298.09,966.0,-21.0,3423.0,3353.55,59.88248590074958,104.73871826720791,3528.0842086812845,3179.015791318716,hold
AO2507.SHF,20250213,3411.0,3431.0,3405.0,3479.0,3361.0,3381.0,3395.0,-50.0,-36.0,749.0,5086.61,987.0,-14.0,3404.4,3364.45,61.663208296893686,100.58853210381051,3515.69744625944,3213.20255374056,hold
AO2507.SHF,20250212,3463.0,3468.0,3462.0,3471.0,3396.0,3411.0,3431.0,-57.0,-37.0,122.0,837.39,1001.0,43.0,3401.6,3375.45,63.430782000542976,96.40857680615373,3505.0964037295375,3245.803596270462,hold
AO2507.SHF,20250211,3454.0,3495.0,3467.0,3521.0,3418.0,3463.0,3468.0,-32.0,-27.0,141.0,978.22,958.0,1.0,3406.0,3387.55,66.26841965813706,93.03897793725746,3501.4999451513795,3273.600054848621,hold
AO2507.SHF,20250210,3464.0,3457.0,3472.0,3514.0,3454.0,3454.0,3495.0,-3.0,38.0,111.0,775.93,957.0,-19.0,3412.2,3398.9,65.34464335393261,89.99829032524188,3489.4381687466807,3308.3618312533195,hold
AO2507.SHF,20250207,3464.0,3468.0,3476.0,3485.0,3446.0,3464.0,3457.0,-4.0,-11.0,40.0,276.62,976.0,15.0,3434.6,3406.35,65.90059987466148,87.27757563719977,3492.459871675682,3320.240128324318,hold
AO2507.SHF,20250206,3432.0,3475.0,3443.0,3521.0,3416.0,3464.0,3468.0,-11.0,-7.0,65.0,450.86,961.0,9.0,3451.2,3412.95,65.90059987466148,84.70111488939801,3495.410839190506,3330.4891608094936,hold
AO2507.SHF,20250205,3570.0,3549.0,3560.0,3564.0,3413.0,3432.0,3475.0,-117.0,-74.0,31.0,215.48,952.0,10.0,3455.4,3418.3,62.35380413659092,81.64653976182672,3490.48614825576,3346.1138517442405,hold
AO2507.SHF,20250127,3536.0,3518.0,3543.0,3570.0,3531.0,3570.0,3549.0,52.0,31.0,40.0,283.97,942.0,0.0,3476.8,3428.35,69.74547542856523,80.4680381014593,3522.813273286514,3333.886726713486,hold
AO2507.SHF,20250124,3539.0,3599.0,3539.0,3544.0,3487.0,3536.0,3518.0,-63.0,-81.0,93.0,654.49,942.0,-5.0,3493.2,3436.3,66.36604351553319,79.80134887087658,3538.5782479318195,3334.021752068181,hold
AO2507.SHF,20250123,3611.0,3613.0,3613.0,3647.0,3531.0,3539.0,3599.0,-74.0,-14.0,54.0,388.75,947.0,5.0,3508.2,3443.85,66.51672998560643,79.35638253858068,3552.825731243258,3334.874268756742,hold
AO2507.SHF,20250122,3613.0,3616.0,3613.0,3626.0,3594.0,3611.0,3613.0,-5.0,-3.0,37.0,267.4,942.0,-3.0,3537.6,3454.1,69.92116430021927,80.04156239462239,3583.547904579421,3324.652095420579,hold
AO2507.SHF,20250121,3631.0,3661.0,3638.0,3638.0,3597.0,3613.0,3616.0,-48.0,-45.0,35.0,253.12,945.0,7.0,3573.8,3466.35,70.01032280554043,81.24865564715239,3606.7911264551913,3325.9088735448086,hold
AO2507.SHF,20250120,3676.0,3625.0,3709.0,3757.0,3624.0,3631.0,3661.0,6.0,36.0,111.0,812.89,938.0,-40.0,3586.0,3477.6,70.82947556571358,82.82159364858023,3632.2316914477856,3322.9683085522142,hold
AO2507.SHF,20250117,3569.0,3560.0,3623.0,3702.0,3534.0,3676.0,3625.0,116.0,65.0,366.0,2653.87,978.0,51.0,3614.0,3490.5,72.78564957324608,85.0705615947727,3664.87717740577,3316.12282259423,hold
AO2507.SHF,20250116,3590.0,3567.0,3588.0,3593.0,3506.0,3569.0,3560.0,2.0,-7.0,67.0,477.14,927.0,-7.0,3620.0,3496.45,62.32470013080998,85.7243418724822,3673.0008142150677,3319.899185784932,hold
AO2507.SHF,20250115,3526.0,3570.0,3531.0,3593.0,3531.0,3590.0,3567.0,20.0,-3.0,68.0,485.23,934.0,-6.0,3615.8,3502.25,63.41109247189451,85.48367680069275,3683.0403481937115,3321.4596518062885,hold
AO2507.SHF,20250114,3624.0,3636.0,3620.0,3621.0,3522.0,3526.0,3570.0,-110.0,-66.0,85.0,606.98,940.0,-4.0,3598.4,3507.3,58.04190340016634,83.4790895607854,3684.7892672811613,3329.810732718839,hold
AO2507.SHF,20250113,3662.0,3674.0,3652.0,3669.0,3577.0,3624.0,3636.0,-50.0,-38.0,140.0,1018.16,944.0,43.0,3597.0,3516.45,63.08062434212161,81.8472608866323,3698.142570018709,3334.7574299812904,hold
AO2507.SHF,20250110,3641.0,3641.0,3650.0,3695.0,3645.0,3662.0,3674.0,21.0,33.0,165.0,1212.68,901.0,50.0,3594.2,3528.4,64.80570995273786,80.95433455823715,3715.299331191965,3341.5006688080352,hold
AO2507.SHF,20250109,3661.0,3650.0,3655.0,3665.0,3608.0,3641.0,3641.0,-9.0,-9.0,78.0,568.07,851.0,18.0,3608.6,3542.85,63.09082648318666,80.05179253999202,3717.230360132682,3368.4696398673177,hold
AO2507.SHF,20250108,3644.0,3639.0,3644.0,3668.0,3631.0,3661.0,3650.0,22.0,11.0,51.0,372.31,833.0,-1.0,3622.8,3556.85,64.04465841195925,79.32717042868902,3721.705421506252,3391.9945784937477,hold
AO2507.SHF,20250107,3628.0,3611.0,3631.0,3665.0,3590.0,3644.0,3639.0,33.0,28.0,80.0,582.3,834.0,-13.0,3646.4,3568.5,62.59725971352298,78.30002321776294,3723.093014072448,3413.906985927552,hold
AO2507.SHF,20250106,3600.0,3617.0,3585.0,3648.0,3577.0,3628.0,3611.0,11.0,-6.0,198.0,1429.97,847.0,63.0,3647.2,3576.75,61.226404844468064,76.70337164270514,3725.440113995532,3428.059886004468,hold
AO2507.SHF,20250103,3704.0,3726.0,3691.0,3699.0,3535.0,3600.0,3617.0,-126.0,-109.0,235.0,1700.09,784.0,-36.0,3634.8,3584.05,58.85222566467914,74.21191873305449,3721.8548983164405,3446.24510168356,hold
AO2507.SHF,20250102,3735.0,3723.0,3656.0,3748.0,3656.0,3704.0,3726.0,-19.0,3.0,149.0,1110.38,820.0,17.0,3647.4,3596.05,64.26933428442575,72.78034304545707,3731.7312072470045,3460.368792752996,hold
AO2507.SHF,20241231,3737.0,3703.0,3725.0,3748.0,3706.0,3735.0,3723.0,32.0,20.0,93.0,692.656,803.0,-6.0,3662.2,3609.6,65.68672039559448,72.41682920135587,3743.9464178904846,3475.2535821095153,hold
AO2507.SHF,20241230,3690.0,3716.0,3649.0,3742.0,3649.0,3737.0,3703.0,21.0,-13.0,66.0,488.81,809.0,-23.0,3680.8,3624.85,65.77891077242873,72.60866805508803,3743.4101535086934,3506.2898464913064,hold
AO2507.SHF,20241227,3714.0,3695.0,3714.0,3730.0,3690.0,3690.0,3716.0,-5.0,21.0,129.0,958.77,832.0,18.0,3693.2,3630.85,61.67961484461566,72.22318731956264,3749.8445797085105,3511.8554202914893,hold
AO2507.SHF,20241226,3694.0,3674.0,3694.0,3714.0,3669.0,3714.0,3695.0,40.0,21.0,304.0,2246.76,814.0,147.0,3716.0,3639.75,62.92164690883469,71.71435611691852,3755.622127796141,3523.877872203859,hold
AO2507.SHF,20241225,3662.0,3649.0,3672.0,3706.0,3650.0,3694.0,3674.0,45.0,25.0,199.0,1462.35,667.0,10.0,3714.0,3647.5,61.18215325589612,70.67234516062496,3755.8725057383344,3539.1274942616656,hold
AO2507.SHF,20241224,3652.0,3695.0,3640.0,3671.0,3623.0,3662.0,3649.0,-33.0,-46.0,50.0,364.99,657.0,16.0,3699.4,3650.05,58.46020731515724,68.67915351961469,3757.2609602606253,3542.839039739375,hold
AO2507.SHF,20241223,3691.0,3693.0,3743.0,3750.0,3639.0,3652.0,3695.0,-41.0,2.0,247.0,1825.73,641.0,2.0,3682.4,3652.0,57.617004916639765,65.87818880949115,3757.8546172824094,3546.1453827175906,hold
AO2507.SHF,20241220,3688.0,3673.0,3709.0,3715.0,3657.0,3691.0,3693.0,18.0,20.0,91.0,672.26,639.0,4.0,3682.6,3655.0,59.98631051916428,63.189831291429456,3761.7014526611774,3548.2985473388226,hold
AO2507.SHF,20241219,3635.0,3654.0,3681.0,3711.0,3637.0,3688.0,3673.0,34.0,19.0,145.0,1065.26,635.0,-17.0,3677.4,3655.6,59.716006045629904,60.52109626782016,3762.900326187787,3548.299673812213,hold
AO2507.SHF,20241218,3665.0,3671.0,3640.0,3697.0,3605.0,3635.0,3654.0,-36.0,-17.0,151.0,1103.8,652.0,-25.0,3665.6,3658.9,55.09884927874486,57.02103587725847,3759.173426190619,3558.626573809381,hold
AO2507.SHF,20241217,3705.0,3713.0,3710.0,3710.0,3653.0,3665.0,3671.0,-48.0,-42.0,70.0,514.06,677.0,-11.0,3666.2,3662.65,57.0762875002029,53.53206580508716,3757.815697601634,3567.4843023983663,hold
AO2507.SHF,20241216,3769.0,3786.0,3767.0,3772.0,3681.0,3705.0,3713.0,-81.0,-73.0,176.0,1306.99,688.0,57.0,3676.8,3671.6,59.57496924231819,50.749110737843935,3744.8131135795065,3598.3868864204933,hold
AO2507.SHF,20241213,3771.0,3799.0,3788.0,3802.0,3766.0,3769.0,3786.0,-30.0,-13.0,36.0,272.6,631.0,8.0,3692.4,3678.85,63.184424306817505,49.45997443336756,3760.054125510998,3597.645874489002,hold
AO2507.SHF,20241212,3787.0,3794.0,3810.0,3833.0,3701.0,3771.0,3799.0,-23.0,5.0,90.0,683.89,623.0,0.0,3709.0,3684.3,63.292238416072564,49.0938929900432,3774.3935069802815,3594.206493019719,hold
AO2507.SHF,20241211,3823.0,3807.0,3798.0,3820.0,3762.0,3787.0,3794.0,-20.0,-13.0,283.0,2147.9,623.0,-40.0,3739.4,3691.6,64.17570085048642,49.468930787797426,3789.774131012228,3593.425868987772,hold
AO2507.SHF,20241210,3785.0,3829.0,3785.0,3865.0,3777.0,3823.0,3807.0,-6.0,-22.0,320.0,2436.72,663.0,29.0,3771.0,3699.7,66.10762933416082,50.750436941472934,3812.1350479165917,3587.264952083408,hold
AO2507.SHF,20241209,3830.0,3888.0,3866.0,3876.0,3771.0,3785.0,3829.0,-103.0,-59.0,224.0,1715.488,634.0,28.0,3787.0,3706.75,62.37040313671364,51.8109829114501,3821.9782517441204,3591.5217482558796,hold
AO2507.SHF,20241206,3965.0,4017.0,3950.0,3969.0,3829.0,3830.0,3888.0,-187.0,-129.0,543.0,4223.14,606.0,48.0,3799.2,3716.85,64.84758706838282,53.27730075438923,3837.9586702098845,3595.7413297901153,hold
AO2507.SHF,20241205,4090.0,4074.0,4097.0,4097.0,3954.0,3965.0,4017.0,-109.0,-57.0,290.0,2330.43,558.0,51.0,3838.0,3735.1,70.89758663042838,56.9534981504282,3886.4933948361254,3583.7066051638744,hold
AO2507.SHF,20241204,4079.0,4044.0,4046.0,4090.0,4038.0,4090.0,4074.0,46.0,30.0,61.0,497.04,507.0,2.0,3898.6,3754.4,75.0781360528165,63.68658634724915,3969.870090731886,3538.929909268114,hold
AO2507.SHF,20241203,4032.0,4006.0,4037.0,4079.0,4024.0,4079.0,4044.0,73.0,38.0,212.0,1714.74,505.0,19.0,3949.8,3771.6,74.0922287519967,71.6620616787502,4028.9747462359264,3514.2252537640734,hold
AO2507.SHF,20241202,3957.0,3950.0,4000.0,4032.0,3985.0,4032.0,4006.0,82.0,56.0,49.0,392.66,486.0,5.0,3999.2,3786.35,69.96027298583321,79.0849637173369,4066.873991843849,3505.8260081561507,hold
AO2507.SHF,20241129,3946.0,3961.0,3937.0,3972.0,3921.0,3957.0,3950.0,-4.0,-11.0,97.0,766.48,481.0,-13.0,4024.6,3799.7,63.968075854824335,84.39557090428534,4085.9663794440557,3513.433620555944,hold
AO2507.SHF,20241128,3935.0,3932.0,3924.0,4018.0,3901.0,3946.0,3961.0,14.0,29.0,154.0,1220.25,494.0,6.0,4020.8,3811.3,63.13324114163363,87.7359886430181,4101.5103375140325,3521.089662485968,hold
AO2507.SHF,20241127,3943.0,3954.0,3915.0,3967.0,3884.0,3935.0,3932.0,-19.0,-22.0,198.0,1557.19,488.0,-23.0,3989.8,3823.35,62.27768975391553,89.29095294609695,4113.0907634420955,3533.609236557904,hold
AO2507.SHF,20241126,4031.0,3992.0,3985.0,3985.0,3927.0,3943.0,3954.0,-49.0,-38.0,78.0,616.96,511.0,7.0,3962.6,3837.4,62.66501666524748,89.56943901163334,4121.682535517061,3553.1174644829393,hold
AO2507.SHF,20241125,4019.0,4023.0,3997.0,4031.0,3955.0,4031.0,3992.0,8.0,-31.0,121.0,966.13,504.0,-15.0,3962.4,3856.35,66.63214916058385,90.23309628208563,4139.195735339972,3573.5042646600277,hold
AO2507.SHF,20241122,4078.0,4100.0,4053.0,4070.0,3977.0,4019.0,4023.0,-81.0,-77.0,324.0,2607.24,519.0,-43.0,3974.8,3872.75,65.6311227269708,90.70626892085558,4153.372076822209,3592.1279231777908,hold
AO2507.SHF,20241121,4079.0,4035.0,4073.0,4136.0,4060.0,4078.0,4100.0,43.0,65.0,443.0,3632.68,562.0,-54.0,4001.2,3892.25,68.11057404867917,91.76981759763078,4173.0110193741475,3611.4889806258525,hold
AO2507.SHF,20241120,3983.0,3944.0,3971.0,4083.0,3971.0,4079.0,4035.0,135.0,91.0,356.0,2873.6,616.0,-52.0,4030.0,3914.45,68.15156638786601,92.95444199699952,4180.147177252621,3648.7528227473786,hold
AO2507.SHF,20241119,3970.0,3949.0,3961.0,3994.0,3906.0,3983.0,3944.0,34.0,-5.0,224.0,1766.93,668.0,-73.0,4038.0,3930.35,60.316546624870604,92.40936843746411,4171.344833969551,3689.3551660304493,hold
AO2507.SHF,20241118,4040.0,3970.0,4070.0,4105.0,3879.0,3970.0,3949.0,0.0,-21.0,751.0,5931.47,741.0,-59.0,4025.8,3943.6,59.34404593002813,90.3907003132181,4161.623301506998,3725.5766984930015,hold
AO2507.SHF,20241115,3860.0,3840.0,3773.0,4044.0,3772.0,4040.0,3970.0,200.0,130.0,597.0,4740.3,800.0,105.0,4030.0,3957.15,62.748362239945905,88.4650240094826,4163.453926283559,3750.846073716442,hold
AO2507.SHF,20241114,3841.0,3803.0,3841.0,3886.0,3806.0,3860.0,3840.0,57.0,37.0,715.0,5492.44,695.0,-66.0,3986.4,3961.6,51.154231947516216,83.62515575501612,4155.092532155667,3768.1074678443324,hold
AO2507.SHF,20241113,3818.0,3805.0,3830.0,3850.0,3754.0,3841.0,3803.0,36.0,-2.0,620.0,4716.12,761.0,-196.0,3938.8,3964.3,50.125152327364304,76.71870978578431,4149.291999827053,3779.308000172948,sell
AO2507.SHF,20241112,3836.0,3932.0,3823.0,3868.0,3741.0,3818.0,3805.0,-114.0,-127.0,777.0,5914.49,957.0,-57.0,3905.8,3964.05,48.872353628851634,68.33721122611632,4149.817031520698,3778.2829684793023,hold
AO2507.SHF,20241111,4079.0,4076.0,4059.0,4107.0,3757.0,3836.0,3932.0,-240.0,-144.0,1181.0,9287.67,1014.0,229.0,3879.0,3966.6,49.903811132274924,59.60197544314642,4143.662023031513,3789.537976968487,hold
AO2507.SHF,20241108,3982.0,3918.0,4035.0,4156.0,3987.0,4079.0,4076.0,161.0,158.0,626.0,5103.41,785.0,135.0,3886.8,3979.05,61.065707565287425,54.84401763432378,4150.880701564105,3807.219298435896,hold
AO2507.SHF,20241107,3906.0,3874.0,3808.0,4047.0,3805.0,3982.0,3918.0,108.0,44.0,380.0,2977.76,650.0,6.0,3911.2,3979.9,55.83806906405654,51.15578165993792,4151.61243402856,3808.1875659714406,hold
AO2507.SHF,20241106,3681.0,3685.0,3717.0,4022.0,3715.0,3906.0,3874.0,221.0,189.0,678.0,5253.73,644.0,-82.0,3924.2,3970.7,52.15569309222863,47.00224004503015,4137.476617066099,3803.923382933901,hold
AO2507.SHF,20241105,3737.0,3798.0,3735.0,3863.0,3607.0,3681.0,3685.0,-117.0,-113.0,603.0,4444.27,726.0,71.0,3896.8,3950.8,43.264250283581376,39.07791818158532,4152.467647380565,3749.1323526194356,hold
AO2507.SHF,20241104,3950.0,3968.0,3950.0,3952.0,3688.0,3737.0,3798.0,-231.0,-170.0,770.0,5849.29,655.0,80.0,3877.0,3936.05,45.68992640613613,30.009931170174493,4154.27692317863,3717.823076821371,hold
AO2507.SHF,20241101,4000.0,4007.0,4064.0,4066.0,3931.0,3950.0,3968.0,-57.0,-39.0,203.0,1611.19,575.0,31.0,3851.2,3935.7,53.62776110629615,24.03036775853945,4153.813823495924,3717.5861765040754,hold
AO2507.SHF,20241031,4149.0,4211.0,4114.0,4127.0,3903.0,4000.0,4007.0,-211.0,-204.0,269.0,2155.85,544.0,21.0,3854.8,3938.4,55.244122725163706,21.042977750089356,4158.286698097023,3718.5133019029768,hold
AO2507.SHF,20241030,4227.0,4207.0,4231.0,4290.0,4088.0,4149.0,4211.0,-58.0,4.0,156.0,1313.91,523.0,14.0,3903.4,3949.1,59.65534672053383,22.41687475775354,4187.344328369033,3710.8556716309668,hold
AO2507.SHF,20241029,4233.0,4174.0,4210.0,4233.0,4177.0,4227.0,4207.0,53.0,33.0,171.0,1439.1,509.0,39.0,4012.6,3963.3,61.73365854402572,27.645671875953084,4230.49288912696,3696.10711087304,buy
AO2507.SHF,20241028,4032.0,4029.0,4046.0,4247.0,4041.0,4233.0,4174.0,204.0,145.0,416.0,3472.88,470.0,-33.0,4111.8,3973.4,61.89261089572425,35.04925993387377,4264.2865070779535,3682.5134929220467,hold
AO2507.SHF,20241025,4010.0,3974.0,4008.0,4107.0,3990.0,4032.0,4029.0,58.0,55.0,133.0,1071.95,503.0,28.0,4128.2,3974.05,53.985015380779714,40.141134540301074,4265.398914533781,3682.7010854662194,hold
AO2507.SHF,20241024,3919.0,3917.0,3920.0,4031.0,3914.0,4010.0,3974.0,93.0,57.0,172.0,1367.24,475.0,-22.0,4130.2,3970.65,53.20188214104055,43.07466054354016,4258.634912799286,3682.665087200714,hold
AO2507.SHF,20241023,3947.0,3936.0,3936.0,3955.0,3888.0,3919.0,3917.0,-17.0,-19.0,65.0,509.3,497.0,17.0,4084.2,3962.65,50.0411696908491,42.95156745961157,4247.0175614411955,3678.2824385588046,hold
AO2507.SHF,20241022,3992.0,3917.0,3974.0,3981.0,3920.0,3947.0,3936.0,30.0,19.0,158.0,1243.95,480.0,47.0,4028.2,3960.85,50.98433096185455,41.2679258275342,4245.135261665131,3676.5647383348687,hold
AO2507.SHF,20241021,3868.0,3850.0,3919.0,3999.0,3850.0,3992.0,3917.0,142.0,67.0,69.0,540.67,433.0,2.0,3980.0,3961.95,52.501332431466295,39.3183126421104,4246.538457250135,3677.3615427498644,hold
AO2507.SHF,20241018,3893.0,3931.0,3893.0,3908.0,3784.0,3868.0,3850.0,-63.0,-81.0,57.0,438.97,431.0,-11.0,3947.2,3953.35,48.17647630398986,35.23623361840144,4238.379314281903,3668.3206857180967,sell
AO2507.SHF,20241017,3890.0,3795.0,3941.0,3973.0,3875.0,3893.0,3931.0,98.0,136.0,85.0,668.42,442.0,19.0,3923.8,3955.0,49.06689890849505,30.35010554260915,4238.224998896658,3671.7750011033418,hold
AO2507.SHF,20241016,3707.0,3743.0,3715.0,3890.0,3702.0,3890.0,3795.0,147.0,52.0,339.0,2573.6,423.0,24.0,3918.0,3957.45,48.96063789698133,25.099116728076723,4237.518188125699,3677.3818118743006,hold
AO2507.SHF,20241015,3763.0,3744.0,3722.0,3778.0,3689.0,3707.0,3743.0,-37.0,-1.0,161.0,1205.46,399.0,-32.0,3870.0,3951.9,42.983499216755604,16.917841697823746,4246.808053467537,3656.991946532463,hold
AO2507.SHF,20241014,3787.0,3827.0,3870.0,3908.0,3670.0,3763.0,3744.0,-64.0,-83.0,558.0,4178.79,431.0,69.0,3824.2,3948.25,45.14079218939868,8.183684102727057,4250.520656862375,3645.9793431376247,hold
AO2507.SHF,20241011,3720.0,3720.0,3765.0,3907.0,3744.0,3787.0,3827.0,67.0,107.0,85.0,650.7,362.0,30.0,3808.0,3933.65,46.06146918288461,-0.07489688780551695,4237.452748506348,3629.8472514936516,hold
AO2507.SHF,20241010,3696.0,3683.0,3622.0,3766.0,3622.0,3720.0,3720.0,37.0,37.0,53.0,394.38,332.0,10.0,3773.4,3920.55,43.89661453779301,-8.671242377653854,4237.206580541147,3603.893419458854,hold
AO2507.SHF,20241009,3739.0,3749.0,3710.0,3712.0,3640.0,3696.0,3683.0,-53.0,-66.0,86.0,633.55,322.0,36.0,3734.6,3910.05,43.13224070785715,-17.3917999442377,4241.520345581639,3578.5796544183613,hold
AO2507.SHF,20241008,3695.0,3713.0,3715.0,3840.0,3682.0,3739.0,3749.0,26.0,36.0,70.0,524.93,286.0,43.0,3741.0,3912.95,44.94041916931623,-25.0073858803408,4237.2920879257135,3588.6079120742866,hold
AO2507.SHF,20240930,3707.0,3688.0,3712.0,3745.0,3682.0,3695.0,3713.0,7.0,25.0,83.0,616.51,243.0,16.0,3727.4,3910.85,43.4522640560485,-32.17617281748568,4240.226547434712,3581.473452565288,hold
AO2507.SHF,20240927,3612.0,3592.0,3644.0,3707.0,3636.0,3707.0,3688.0,115.0,96.0,52.0,383.6,227.0,12.0,3711.4,3898.7,43.98476721862686,-38.42432614304003,4239.145061647266,3558.2549383527335,hold
AO2507.SHF,20240926,3580.0,3558.0,3565.0,3612.0,3565.0,3612.0,3592.0,54.0,34.0,14.0,100.58,215.0,-1.0,3689.8,3879.3,40.78426341842926,-45.19599833852452,4238.165490121313,3520.434509878687,hold
AO2507.SHF,20240925,3557.0,3529.0,3606.0,3695.0,3343.0,3580.0,3558.0,51.0,29.0,163.0,1160.17,216.0,21.0,3666.6,3850.85,39.75849631307764,-52.34835026140753,4209.897782335457,3491.802217664543,hold
AO2507.SHF,20240924,3500.0,3520.0,3519.0,3557.0,3506.0,3557.0,3529.0,37.0,9.0,22.0,155.32,195.0,1.0,3630.2,3817.35,39.016069055343245,-59.612005843656625,4154.096358554935,3480.603641445065,hold
AO2507.SHF,20240923,3588.0,3601.0,3559.0,3559.0,3498.0,3500.0,3520.0,-101.0,-81.0,87.0,612.6,194.0,34.0,3591.2,3780.7,37.20375225825199,-67.33818546485796,4086.664769213725,3474.7352307862748,hold
AO2507.SHF,20240920,3627.0,3586.0,3616.0,3629.0,3577.0,3588.0,3601.0,2.0,15.0,34.0,244.87,160.0,7.0,3567.4,3758.5,41.61136224646358,-73.39178114066766,4052.505782256076,3464.494217743924,hold
AO2507.SHF,20240919,3518.0,3560.0,3570.0,3627.0,3540.0,3627.0,3586.0,67.0,26.0,13.0,93.25,153.0,-3.0,3570.4,3739.35,43.46260589420564,-77.29019717735022,4014.6326002492833,3464.0673997507165,hold
AO2507.SHF,20240918,3537.0,3521.0,3549.0,3581.0,3518.0,3518.0,3560.0,-3.0,39.0,35.0,249.2,156.0,-1.0,3558.0,3719.3,39.754439930157865,-81.1962983039906,3997.718462031537,3440.8815379684634,hold
AO2507.SHF,20240913,3451.0,3422.0,3457.0,3572.0,3457.0,3537.0,3521.0,115.0,99.0,81.0,570.48,157.0,15.0,3554.0,3698.8,40.68303383707494,-84.41425532925597,3967.338712293043,3430.2612877069573,hold
AO2507.SHF,20240912,3385.0,3318.0,3368.0,3461.0,3368.0,3451.0,3422.0,133.0,104.0,30.0,205.36,142.0,2.0,3544.2,3671.75,37.899744769092024,-88.21188894759598,3925.273075872799,3418.226924127201,hold
AO2507.SHF,20240911,3377.0,3334.0,3305.0,3385.0,3286.0,3385.0,3318.0,51.0,-16.0,17.0,112.82,140.0,5.0,3503.6,3647.6,35.91483514179099,-93.02571310935738,3913.463423584374,3381.7365764156257,hold
AO2507.SHF,20240910,3347.0,3297.0,3348.0,3378.0,3305.0,3377.0,3334.0,80.0,37.0,40.0,266.8,135.0,5.0,3453.6,3621.8,35.67643399650069,-98.13972811011824,3887.5469473013827,3356.0530526986176,hold
AO2507.SHF,20240909,3342.0,3348.0,3348.0,3349.0,3266.0,3347.0,3297.0,-1.0,-51.0,36.0,237.41,130.0,2.0,3419.4,3594.65,34.765492453729564,-103.42876398289567,3856.164263473339,3333.1357365266613,hold
AO2507.SHF,20240906,3333.0,3386.0,3355.0,3363.0,3323.0,3342.0,3348.0,-44.0,-38.0,45.0,301.4,128.0,9.0,3380.4,3576.4,34.61045326007108,-108.39427655253402,3854.427624526777,3298.372375473223,hold
AO2507.SHF,20240905,3384.0,3426.0,3422.0,3422.0,3330.0,3333.0,3386.0,-93.0,-40.0,27.0,182.87,119.0,10.0,3356.8,3554.9,34.320455225226084,-112.79324787085041,3838.3345779893516,3271.4654220106486,hold
AO2507.SHF,20240904,3480.0,3491.0,3480.0,3499.0,3384.0,3384.0,3426.0,-107.0,-65.0,38.0,260.44,109.0,10.0,3356.6,3534.75,37.44683078692426,-115.53576692180347,3806.3717038456266,3263.1282961543734,hold
AO2507.SHF,20240903,3500.0,3536.0,3469.0,3532.0,3469.0,3480.0,3491.0,-56.0,-45.0,9.0,62.85,99.0,-2.0,3377.2,3522.75,42.83814653134516,-115.3013330870162,3781.474467339293,3264.025532660707,hold
AO2507.SHF,20240902,3578.0,3553.0,3567.0,3567.0,3500.0,3500.0,3536.0,-53.0,-17.0,23.0,162.66,101.0,-3.0,3407.8,3512.95,43.898510588107705,-112.63140888535588,3759.2315259007473,3266.6684740992523,hold
AO2507.SHF,20240830,3560.0,3538.0,3508.0,3583.0,3508.0,3578.0,3553.0,40.0,15.0,18.0,127.91,104.0,-1.0,3455.0,3504.9,47.868504843240245,-107.07377413523463,3730.78041083724,3279.01958916276,hold
AO2507.SHF,20240829,3534.0,3548.0,3530.0,3569.0,3508.0,3560.0,3538.0,12.0,-10.0,20.0,141.56,105.0,-5.0,3500.4,3498.15,47.05956231544696,-100.04065545187312,3708.433879553332,3287.866120446668,buy
AO2507.SHF,20240828,3543.0,3488.0,3541.0,3562.0,3533.0,3534.0,3548.0,46.0,60.0,52.0,369.03,110.0,-4.0,3530.4,3489.5,45.88066826058609,-92.63822165198589,3677.790732645024,3301.209267354976,hold
AO2507.SHF,20240827,3485.0,3447.0,3472.0,3543.0,3472.0,3543.0,3488.0,96.0,41.0,52.0,362.77,114.0,-15.0,3543.0,3486.05,46.37019751177677,-85.03762511409496,3667.645677261327,3304.4543227386735,hold
AO2507.SHF,20240826,3450.0,3423.0,3415.0,3485.0,3410.0,3485.0,3447.0,62.0,24.0,68.0,468.81,129.0,-12.0,3540.0,3481.3,43.68939901218327,-78.44279801735816,3657.713264807383,3304.8867351926174,hold
AO2507.SHF,20240823,3411.0,3415.0,3413.0,3462.0,3397.0,3450.0,3423.0,35.0,8.0,34.0,232.77,141.0,1.0,3514.4,3475.95,42.14181268575244,-73.20369700956704,3649.319518658845,3302.5804813411546,hold
AO2507.SHF,20240822,3389.0,3329.0,3359.0,3460.0,3348.0,3411.0,3415.0,82.0,86.0,64.0,437.14,140.0,-25.0,3484.6,3471.5,40.460743343402605,-69.54435737073247,3646.7307050719123,3296.2692949280877,hold
AO2507.SHF,20240821,3390.0,3423.0,3381.0,3389.0,3264.0,3389.0,3329.0,-34.0,-94.0,84.0,559.31,165.0,20.0,3455.6,3461.55,39.52453258643249,-67.2595016767083,3631.7163597777167,3291.3836402222837,sell
AO2507.SHF,20240820,3462.0,3440.0,3440.0,3458.0,3387.0,3390.0,3423.0,-50.0,-17.0,46.0,314.95,145.0,15.0,3425.0,3449.7,39.59141195563741,-65.78666937666405,3604.4386183213446,3294.961381678655,hold
AO2507.SHF,20240819,3461.0,3454.0,3447.0,3481.0,3399.0,3462.0,3440.0,8.0,-14.0,81.0,557.38,130.0,13.0,3420.4,3446.9,44.263008702518945,-63.601346835864966,3598.5903424743933,3295.209657525607,hold
AO2507.SHF,20240816,3401.0,3393.0,3418.0,3480.0,3418.0,3461.0,3454.0,68.0,61.0,62.0,428.36,117.0,-1.0,3422.6,3443.1,44.21302127884927,-60.95500151533922,3589.2792050874496,3296.9207949125503,hold
AO2507.SHF,20240815,3389.0,3379.0,3400.0,3414.0,3368.0,3401.0,3393.0,22.0,14.0,24.0,162.89,118.0,-1.0,3420.6,3440.6,41.269439925875,-58.97675802143898,3587.8594988447217,3293.340501155278,hold
AO2507.SHF,20240814,3367.0,3365.0,3368.0,3426.0,3361.0,3389.0,3379.0,24.0,14.0,49.0,331.21,119.0,-1.0,3420.6,3440.8,40.698992145188065,-57.578003632177584,3587.7674793959486,3293.8325206040518,hold
AO2507.SHF,20240813,3355.0,3358.0,3364.0,3386.0,3345.0,3367.0,3365.0,9.0,7.0,42.0,282.73,120.0,5.0,3416.0,3440.3,39.64155198982624,-56.83555203743819,3588.197396866877,3292.402603133123,hold
AO2507.SHF,20240812,3368.0,3344.0,3361.0,3375.0,3344.0,3355.0,3358.0,11.0,14.0,56.0,376.16,115.0,24.0,3394.6,3440.7,39.05887636693461,-56.60529213075604,3587.6259677524654,3293.7740322475343,hold
AO2507.SHF,20240809,3306.0,3304.0,3312.0,3372.0,3312.0,3368.0,3344.0,64.0,40.0,50.0,334.46,91.0,9.0,3376.0,3442.0,40.06350611843976,-56.371712337894195,3585.837408208013,3298.162591791987,hold
AO2507.SHF,20240808,3280.0,3292.0,3309.0,3310.0,3288.0,3306.0,3304.0,14.0,12.0,27.0,178.42,82.0,5.0,3357.0,3440.65,37.00128129279525,-57.00898759733662,3588.990520425131,3292.3094795748693,hold
AO2507.SHF,20240807,3288.0,3297.0,3302.0,3302.0,3280.0,3280.0,3292.0,-17.0,-5.0,15.0,98.79,77.0,2.0,3335.2,3435.45,35.79360211397122,-58.44357071049791,3597.981812270701,3272.9181877292986,hold
AO2507.SHF,20240806,3320.0,3338.0,3322.0,3332.0,3275.0,3288.0,3297.0,-50.0,-41.0,29.0,191.26,75.0,9.0,3319.4,3425.85,36.46524620866147,-60.04184767541879,3599.0530888870007,3252.646911112999,hold
AO2507.SHF,20240805,3360.0,3330.0,3344.0,3360.0,3315.0,3320.0,3338.0,-10.0,8.0,42.0,280.45,66.0,8.0,3312.4,3416.85,39.145583114425,-61.011551629206394,3592.3963186740125,3241.3036813259873,hold
AO2507.SHF,20240802,3295.0,3326.0,3319.0,3373.0,3286.0,3360.0,3330.0,34.0,4.0,27.0,179.86,58.0,3.0,3310.8,3405.95,42.3459115665672,-60.75921040777353,3566.5544519930804,3245.345548006919,hold
AO2507.SHF,20240801,3317.0,3283.0,3335.0,3351.0,3294.0,3295.0,3326.0,12.0,43.0,37.0,246.15,55.0,14.0,3308.6,3392.7,38.8510131569627,-60.6526975954564,3543.7206608381694,3241.6793391618303,hold
AO2507.SHF,20240731,3263.0,3307.0,3241.0,3336.0,3226.0,3317.0,3283.0,10.0,-24.0,38.0,249.53,41.0,-5.0,3316.0,3381.85,40.59768828144823,-60.153933864836475,3521.454118850402,3242.2458811495976,hold
AO2507.SHF,20240730,3355.0,3369.0,3324.0,3333.0,3263.0,3263.0,3307.0,-106.0,-62.0,31.0,205.09,46.0,-3.0,3311.0,3367.85,37.80741148699795,-60.15989635508537,3495.6643575659514,3240.0356424340484,hold
AO2507.SHF,20240729,3420.0,3414.0,3402.0,3482.0,3322.0,3355.0,3369.0,-59.0,-45.0,28.0,188.71,49.0,10.0,3318.0,3361.35,44.63198335611245,-58.876976058116355,3477.3487499932507,3245.351250006749,hold
AO2507.SHF,20240726,3410.0,3405.0,3409.0,3420.0,3409.0,3420.0,3414.0,15.0,9.0,3.0,20.49,39.0,-2.0,3330.0,3359.85,48.809587914785155,-55.68223222675931,3471.9343878512823,3247.7656121487175,hold
AO2507.SHF,20240725,3410.0,3398.0,3409.0,3424.0,3391.0,3410.0,3405.0,12.0,7.0,22.0,149.83,41.0,3.0,3353.0,3359.8,48.22038877084744,-51.48930128186994,3471.7939284068416,3247.806071593159,hold
AO2507.SHF,20240724,3370.0,3359.0,3380.0,3410.0,3380.0,3410.0,3398.0,51.0,39.0,15.0,101.94,38.0,-3.0,3371.6,3360.85,48.22038877084744,-46.77317182810126,3474.3035587806603,3247.3964412193395,buy
AO2507.SHF,20240723,3351.0,3344.0,3275.0,3378.0,3275.0,3370.0,3359.0,26.0,15.0,27.0,181.39,41.0,4.0,3393.0,3359.85,45.77152230765107,-42.507910102348006,3472.6086360328854,3247.0913639671144,hold
AO2507.SHF,20240722,3319.0,3322.0,3298.0,3388.0,3290.0,3351.0,3344.0,29.0,22.0,63.0,421.4,37.0,-10.0,3392.2,3354.3,44.63805330716495,-38.955085378974786,3456.867246233857,3251.7327537661436,hold
AO2507.SHF,20240719,3330.0,3342.0,3337.0,3348.0,3304.0,3319.0,3322.0,-23.0,-20.0,38.0,252.47,47.0,7.0,3372.0,3347.2,42.76075856765385,-36.45680210041774,3438.252951627042,3256.1470483729577,hold
AO2507.SHF,20240718,3348.0,3367.0,3341.0,3362.0,3326.0,3330.0,3342.0,-37.0,-25.0,45.0,300.84,40.0,3.0,3356.0,3343.65,43.61874623895707,-34.49185810534977,3431.5164327260213,3255.783567273979,hold
AO2507.SHF,20240717,3354.0,3334.0,3340.0,3458.0,3329.0,3348.0,3367.0,14.0,33.0,47.0,316.52,37.0,15.0,3343.6,3341.6,45.03782755742293,-32.59841304302432,3427.0175625969064,3256.1824374030934,hold
AO2507.SHF,20240716,,3401.0,3267.0,3449.0,3246.0,3354.0,3334.0,-47.0,-67.0,82.0,546.82,22.0,,3340.4,3340.95,45.518969269339884,-30.67901477248138,3425.780360131243,3256.1196398687566,sell
